class,precision,recall,f1-score,support
0,0.0,0.0,0.0,4.0
1,0.0,0.0,0.0,2.0
5,0.0,0.0,0.0,1.0
7,0.0,0.0,0.0,1.0
8,0.16666666666666666,1.0,0.2857142857142857,1.0
9,0.0,0.0,0.0,1.0
macro avg,0.027777777777777776,0.16666666666666666,0.047619047619047616,10.0
weighted avg,0.016666666666666666,0.1,0.02857142857142857,10.0
