class,precision,recall,f1-score,support
0,0.0,0.0,0.0,4.0
1,0.0,0.0,0.0,1.0
2,0.0,0.0,0.0,1.0
3,0.0,0.0,0.0,1.0
6,0.3,1.0,0.46153846153846156,3.0
macro avg,0.06,0.2,0.09230769230769231,10.0
weighted avg,0.09,0.3,0.13846153846153847,10.0
