{
  "accuracy": 0.0,
  "top_top1": 0.0,
  "top_top5": 0.30000001192092896,
  "ece": 0.7526864856481552
}