{
  "accuracy": 0.3,
  "top_top1": 0.30000001192092896,
  "top_top5": 0.30000001192092896,
  "ece": 0.6999300837516784
}