{
  "accuracy": 0.1,
  "top_top1": 0.10000000149011612,
  "top_top5": 0.699999988079071,
  "ece": 0.41234048008918767
}