y_true,y_pred,confidence
7,1,0.9999894
3,1,0.99998975
7,1,0.9999887
4,1,0.9999893
9,1,0.9999882
0,1,0.9999901
8,1,0.9999893
2,1,0.9999893
5,1,0.9999893
9,1,0.9999889
