y_true,y_pred,confidence
1,5,0.4741102
7,8,0.4412629
9,5,0.6457209
0,8,0.64514035
1,8,0.5251308
5,8,0.53077453
0,8,0.42200485
0,5,0.4918403
8,8,0.49934807
0,5,0.4480717
