y_true,y_pred,confidence
6,6,0.99999344
0,6,0.99967563
3,6,0.9999888
1,6,0.9999714
6,6,0.9999707
0,6,0.99998105
6,6,0.99999535
0,6,0.999744
2,6,0.9999907
0,6,0.99999046
