y_true,y_pred,confidence
1,6,0.5903318
1,3,0.49486604
9,6,0.86047906
8,6,0.7028227
7,6,0.7778305
3,6,0.8744672
9,6,0.80582404
0,6,0.7184341
1,6,0.83595383
5,6,0.8658557
